Title,Slug,Date,Featured,Excerpt,TL;DR,Meta Description,Keywords
90% of Millionaires Own Real Estate: What the Data Says,90-percent-millionaires-real-estate,2026-05-14,false,"The claim shows up in Instagram captions, motivational books, and platform sales pages. The data is more interesting than the slogan. Here is the honest version.","The ""90 percent of millionaires own real estate"" claim is widely cited but commonly misread. The most-referenced study (Spectrem Group) found that around 90 percent of US millionaires own a primary residence, not that real estate is how they became millionaires. The popular quote attributed to Andrew Carnegie (""Ninety percent of all millionaires become so through owning real estate"") cannot be located in his published works and predates rigorous millionaire research. The honest reading: real estate is correlated with wealth, and primary-residence ownership is near-universal at the millionaire level. But for most US millionaires, the primary wealth-creation engine is employment and business equity, not investment property.",The 90% of millionaires own real estate claim is widely cited but commonly misunderstood. Here is what the data actually says and what it means for you.,"90 percent of millionaires own real estate, how millionaires invest in real estate, do millionaires invest in real estate, millionaire real estate investing, does real estate create wealth"
Best Fractional Real Estate Platforms in 2026: A Comparison,best-fractional-real-estate-platforms,2026-05-14,false,"We compared the major fractional real estate platforms across regulatory status, fees, minimums, liquidity, and structure. Here is what the data shows, and which is right for which kind of investor.","The ""best"" fractional real estate platform depends on your goal. For the lowest entry point: Fundrise ($10) or HappyNest ($10). For single-property selection with monthly distributions: Ark7 ($20) or Arrived ($100). For square-foot ownership clarity: psfnetwork. For commercial focus: HappyNest. For tokenized exposure (with the additional considerations that brings): Lofty. There is no single best platform across all investors; match the platform's structure to your goal, your tax situation, and your tolerance for illiquidity. All such investments carry real risk, including loss of principal.","Best fractional real estate platforms in 2026: neutral comparison of Ark7, Arrived, Fundrise, Realbricks, Lofty, Mogul, and psfnetwork. Honest tradeoffs.","best fractional real estate platforms, fractional real estate investing, alternative investment platforms, realbricks review, fractional real estate platform comparison, fractional real estate platforms 2026"
What Is Fractional Real Estate Investing? The 2026 Guide,fractional-real-estate-investing,2026-05-14,false,"Own a piece of a rental property for as little as $20, without becoming a landlord. Here is how fractional real estate investing works, who it is for, and what to watch out for.","Fractional real estate investing lets multiple investors co-own a single rental property by purchasing shares of the legal entity that holds the property, typically an LLC. Each investor receives a proportional share of rental income and any appreciation when the property is sold. Platforms handle property management. A single share on some regulated US platforms (such as Ark7) costs as little as $20; a meaningful position typically requires aggregating multiple shares. All such investments carry real risk, including the loss of principal, and returns are not guaranteed.","Fractional real estate investing lets you co-own a rental property starting at $20. Learn how it works, the risks, and how to pick the right platform.","fractional real estate investing, fractional ownership real estate, fractional property ownership, what is fractional ownership, fractional home ownership, is fractional real estate a good investment"
How Fractional Real Estate Is Taxed: A K-1 Guide for 2026,how-fractional-real-estate-is-taxed,2026-05-15,false,"Most fractional real estate platforms issue a K-1, not a 1099. Here is what the form actually contains, when it arrives, and how it shapes your filing.","Most fractional real estate platforms structure each property as a pass-through LLC, which issues IRS Schedule K-1 (Form 1065), not a 1099, to investors each year. The K-1 reports your share of rental income, depreciation, and any capital gain when the property is sold. Partnership returns are due March 15 (March 16, 2026 for tax year 2025) but operators often file a 6-month extension via Form 7004, pushing your K-1 to September 15. Depreciation often makes K-1 taxable income smaller than the cash you received, useful, but constrained by passive activity rules. This is not individualized tax advice; talk to a CPA before you file.","Fractional real estate is taxed through a Schedule K-1, not a 1099. Here is what arrives, when, how depreciation flows, and what to expect at filing time.","how is fractional real estate taxed, fractional real estate taxes, k-1 fractional real estate, schedule k-1 form 1065 real estate, fractional real estate depreciation"
Passive Income Real Estate: A Beginner's Guide for 2026,how-to-build-passive-income-with-real-estate,2026-05-14,false,"Rental income, appreciation, and zero maintenance calls. Here is how to build passive income real estate starting with as little as $100, and the math that tells you what to expect.","Passive income real estate works through two channels: rental distributions (monthly or quarterly cash from tenants) and appreciation (price increase when a property is sold). Fractional platforms let you access both without owning a whole property or managing tenants. As an illustration, $5,000 invested at a 7% annual yield generates roughly $350 a year, growing if you reinvest. Returns vary by platform, vintage, and property; figures are illustrative, not promised. All real estate investing carries risk, including the possible loss of principal.","Passive income real estate without the landlord work. How to start with $100, the four methods that actually pay, and the math behind each one in 2026.","passive income real estate, how to build passive income with real estate, rental properties for passive income, passive real estate investing, best investment for passive income, real estate passive income ideas"
"How to Invest $10,000 in Real Estate: A 2026 Playbook",how-to-invest-10k-in-real-estate,2026-05-14,false,"$10,000 is enough capital to build a real diversified position rather than just dip a toe. Here is how to deploy it across fractional, REIT, and debt structures.","$10,000 is the capital level where you can build a real real estate position rather than just sample the asset class. Three structures are practical at this level: spread across several fractional properties ($1,000-$2,000 each on platforms like Arrived, Ark7, Realbricks, or psfnetwork) for property-level exposure, hold a REIT ETF position (VNQ or IYR) for instant diversification and liquidity, and add a debt-side position (Groundfloor or similar) for yield certainty. An illustrative split: $5,000 across 5 fractional properties, $3,000 in a REIT ETF, $2,000 in real estate debt. This is a framework, not personal investment advice.","How to invest $10,000 in real estate in 2026: the realistic structures, a sample allocation across fractional/REIT/debt, and what income to expect.","how to invest 10k in real estate, how to invest 10k for passive income, best real estate investment for 10k, 10000 dollars real estate, invest 10k real estate fractional"
How to Invest in Real Estate With $100 in 2026: A Guide,how-to-invest-in-real-estate-with-100,2026-05-14,false,"You do not need a down payment. You do not need to be wealthy. Here is the honest guide to starting a real estate portfolio with $100, and the math behind what it does for you.","In 2026, you can invest in real estate with as little as $10 to $100 through fractional platforms and real estate funds that hold rental properties or commercial buildings. Examples include Fundrise (from $10), Ark7 (from $20), Lofty (from $50), Realbricks (from $100), Arrived (from $100), and psfnetwork. Distributions are paid from rental income, typically monthly or quarterly. Starting small is genuinely useful: the compounding mechanism begins immediately, even if absolute dollar amounts are modest. All such investments involve risk, including loss of principal.","How to invest in real estate with $100 in 2026: the platforms that accept small minimums, the four real options, and the honest math behind each step.","how to invest in real estate with $100, how to invest in real estate with little money, real estate investing for beginners, how to get started in real estate investing, fractional real estate $100, invest in real estate online"
Real Estate Crowdfunding vs Fractional: The Honest Difference,real-estate-crowdfunding-vs-fractional,2026-05-14,false,"The terms get used interchangeably in marketing copy. Structurally they overlap, but they are not the same. Here is what is actually different and what matters for your portfolio.","Real estate crowdfunding and fractional real estate are often used interchangeably but are not the same. Crowdfunding is a financing mechanism (under SEC Regulation Crowdfunding, Regulation A, or Regulation D) that pools many small investors to fund a real estate deal, and can be either equity (you own a piece of the property entity) or debt (you lend to the project). Fractional real estate specifically refers to equity ownership of a specific property, typically via an LLC. Most equity fractional platforms use crowdfunding-style offerings under Regulation A; not all real estate crowdfunding is fractional equity. The structural difference matters for tax treatment, liquidity, and risk profile.","Real estate crowdfunding vs fractional real estate: structurally similar but not the same. Here is what is overlapping, what differs, and which suits you.","real estate crowdfunding vs fractional, is fractional real estate crowdfunding, crowdfunding real estate investing, reg cf real estate, real estate crowdfunding 2026"
Reg A vs Reg D for Fractional Real Estate Investors (2026),reg-a-vs-reg-d-for-fractional-investors,2026-05-15,false,"Most fractional platforms operate under one of two SEC frameworks. The choice is structural, it determines who can invest and what you are entitled to know.","Most fractional real estate platforms operate under either Regulation A (typically Tier 2, allowing up to $75 million per 12 months and non-accredited investors with a 10% cap) or Regulation D (typically Rule 506(c), which has no offering-size limit but admits only accredited investors). The framework choice is structural: it determines who can invest, how much disclosure you receive, and what ongoing reporting the issuer must do. Reg A trades months of SEC qualification overhead for retail accessibility; Reg D trades public access for offering speed. Neither is ""safer"", they serve different audiences and product structures.","Reg A vs Reg D shapes who can invest, how much capital, and what disclosures you receive. Here is what each SEC framework means for fractional real estate.","reg a vs reg d, regulation a vs regulation d, reg a tier 2 vs reg d 506(c), accredited investor reg d, fractional real estate regulation a"
Fractional Real Estate vs REIT: Complete 2026 Comparison,reits-vs-fractional-real-estate,2026-05-14,false,Both let you invest in real estate without buying a property outright. They work very differently. Here is the honest comparison.,"A REIT (Real Estate Investment Trust) is a pooled fund that owns many properties; you buy shares like a stock, get daily liquidity for publicly traded ones, and receive dividend income taxed as ordinary income. Fractional real estate platforms let you own shares in a specific property through an LLC, with property-level transparency, monthly or quarterly distributions, and a multi-year hold. REITs prioritize liquidity and diversification. Fractional prioritizes control and property-specific exposure. Both involve real risk, including loss of principal.","Fractional real estate vs REIT explained: liquidity, taxes, returns, control. Which structure fits your portfolio? Honest comparison for 2026 investors.","fractional real estate vs reit, reit investing, best reits to invest in, are reits a good investment, reit dividends, fractional ownership real estate"
Square-Foot Real Estate Ownership: How It Works in 2026,square-foot-real-estate-ownership-explained,2026-05-14,false,"Some fractional platforms let you own a piece of a property measured in square feet rather than abstract shares. Here is what changes, what does not, and when the model is actually useful.","Square-foot real estate ownership expresses your stake in a property as a number of square feet rather than abstract shares. The underlying legal structure is the same as standard fractional platforms: an LLC holds the property and you hold a membership interest in that LLC, a security regulated under SEC Regulation A or Regulation D. The model does not change risk, returns, or tax treatment. What it changes is intuition: most people can picture 50 square feet of a property. Most people cannot picture 50 abstract shares of the same property.","Square-foot real estate ownership explained: what it means, how the math works, what stays the same as share-based fractional, and what changes.","square foot real estate ownership, per square foot ownership, psf real estate investing, fractional ownership square foot, square foot fractional investing"
What Is Proptech? A 2026 Guide for Real Estate Investors,what-is-proptech,2026-05-14,false,"Proptech is the technology layer reshaping how real estate is bought, sold, rented, and invested in. Here is what it means, what it includes, and why a $51 to $55 billion market matters for everyday investors.","Proptech (short for property technology) is the category of software, platforms, and digital infrastructure transforming the real estate industry. It includes fractional investment platforms, AI valuation tools, digital mortgage lenders, rental management software, and blockchain property registries. Industry research firms estimate the global proptech market at $51 to $55 billion in 2026, projected to grow at 14 to 18 percent annually through the early 2030s. For individual investors, the most relevant proptech development is fractional ownership platforms, which dropped the entry point for real estate investing from $20,000+ down payments to $10 to $100 shares.","What is proptech? A 2026 guide to property technology: the five categories, the market size, AI adoption, and what it means for real estate investors.","what is proptech, proptech, proptech companies, proptech trends, proptech news, real estate technology"
